sim_num,max_danger,avg_danger,interactions,lane_switch_interactions,tailgating_interactions,goals_not_reached,collisions,emergency_maneuvers,avg_velocity,overall_steps,number_egos
0,0.23794217247105037,0.12630810780610904,0,0,0,1,0,0,7.535551050079718,200,2
1,0.05578818795484186,0.04408782841634612,0,0,0,0,0,0,8.405018869595754,163,2
2,0.08006750335366684,0.06067315329937768,0,0,0,0,0,0,6.895806780836561,166,2
3,0.9079304307817126,0.4051098895424198,0,0,0,0,0,0,7.328858823272655,149,2
4,0.41368749119834725,0.2251895278072678,0,0,0,0,0,0,7.031959860745184,185,4
5,0.18050335980588159,0.1468458084453828,0,0,0,0,0,0,11.101046655535637,133,2
6,1.2869144210993082,0.363742982514416,10,0,10,0,0,0,7.46727392493705,142,2
7,0,0,0,0,0,1,0,0,6.387969203586852,200,1
8,0.10283422977664944,0.0766720410227546,0,0,0,1,0,0,6.416684638844311,200,3
9,0.22230717982676182,0.14717427329977573,0,0,0,1,0,0,8.368134925949088,200,4
10,0.11241475107719438,0.06851622226188399,0,0,0,0,0,0,8.187669710496364,102,2
11,0.08667861149131546,0.051806782574530995,0,0,0,1,0,0,6.826235301206714,200,2
12,0.38965155553078556,0.21972737890829921,0,0,0,0,0,0,8.235577420600904,181,3
13,0.36096945951297027,0.20037424520370645,0,0,0,1,0,0,8.146946393536433,200,3
14,0.8537644018208624,0.4415812230680905,0,0,0,0,0,0,8.85770449453201,91,2
15,0,0,0,0,0,0,0,0,8.112541577662213,63,1
16,0.04584222089720891,0.02744775354127023,0,0,0,0,0,0,7.916908809632631,168,2
17,0.9476034395746279,0.6955529842983891,0,0,0,1,0,0,8.321115258364804,200,5
18,0.06700742427976032,0.0557917541839497,0,0,0,0,0,0,9.596272360072872,115,2
19,0.5679178807663376,0.35265295967080534,0,0,0,0,0,0,8.887120481297984,114,3
20,0.04219763662872682,0.02468413635449873,0,0,0,0,0,0,7.871611093507903,195,2
21,0.841772013562819,0.5831344076987273,0,0,0,1,0,0,8.377382104656842,200,4
22,1.8273008314755887,1.1729150290217722,0,0,0,2,1,3,7.807213821441198,137,5
23,0.21633203648007082,0.1585223550910505,0,0,0,0,0,0,7.750958119526436,141,3
24,0.2943155113599554,0.1901021606239274,0,0,0,0,0,0,8.025941137854108,163,3
25,0,0,0,0,0,0,0,0,7.732308725254092,123,1
26,1.3855898142099152,1.0323714615391515,0,0,0,2,0,0,8.493725693594536,200,5
27,0.2605243187796978,0.12060463462196759,1,0,1,0,0,0,9.404371384020086,126,2
28,0.8316034210536486,0.4302052400818319,1,1,0,0,0,0,8.289447139283222,147,3
29,0.8231994754453292,0.3298029622172948,0,0,0,1,0,0,6.783108676957898,200,4
30,0,0,0,0,0,0,0,0,7.080297188816242,95,1
31,1.0966062692477376,0.41833247476574437,16,8,8,0,0,1,8.361969565340985,134,3
32,0.2771580527889511,0.14694155800303343,0,0,0,0,0,0,6.798584306960533,165,2
33,0.18987229308434542,0.13105210381322632,0,0,0,1,0,0,8.129566043526012,200,4
34,0.05377664911468316,0.043224145792969876,0,0,0,0,0,0,7.736739091752024,193,2
35,0.09143722498170437,0.07835690374064867,0,0,0,0,0,0,7.973604488136941,130,2
36,0.13298774395677043,0.07531639168628715,0,0,0,0,0,0,8.576004247717142,187,3
37,0.1079793736156058,0.08433834017572599,0,0,0,1,0,0,6.969100923515751,200,3
38,0.46588259470075594,0.31873559340610813,0,0,0,0,0,0,8.016302583897298,93,2
39,1.0274919102086268,0.4034574801920737,10,8,2,1,0,0,6.950158716662698,200,3
40,0.18889913717162993,0.08279079135850206,0,0,0,0,0,0,7.07883032972957,171,3
41,0.33705213813170887,0.19349199674214493,0,0,0,0,0,0,8.372761607633574,172,3
42,0.05118500385419053,0.03520989298093398,0,0,0,1,0,0,7.45309989402341,200,2
43,0.2961790860609299,0.2244458981898208,0,0,0,0,0,0,9.53047223439274,123,3
44,0.2827450000222929,0.1547236673945869,0,0,0,1,0,0,7.906001359820933,200,3
45,0.11028380316893623,0.08622152737125481,0,0,0,0,0,0,8.630200473153083,133,2
46,0.049492492952648404,0.033363176880879884,0,0,0,0,0,0,9.192063347793313,161,2
47,0.9263938594252413,0.31370606520324223,0,0,0,1,0,0,6.457997132511779,200,3
48,0.2614448659115474,0.18539541050405658,0,0,0,0,0,0,7.221163057861894,190,3
49,0.3979405285655135,0.23142071415928436,0,0,0,0,0,0,8.633372657785923,135,2
50,0.12613749409953248,0.09622855229856132,0,0,0,0,0,0,7.163310401986057,112,2
51,0.4817908236462593,0.20133474596723477,0,0,0,0,0,0,9.479896986949361,163,2
52,0.08925953699107542,0.053119376834890514,0,0,0,0,0,0,6.893494805463259,190,2
53,0.04255219599900514,0.026236131322325384,0,0,0,0,0,2,7.2650860325020155,189,2
54,0.08791676899510041,0.07374852784495,0,0,0,0,0,0,8.910049564413091,113,2
55,0.08614437919722397,0.07319692390536708,0,0,0,0,0,0,8.294519486953813,165,2
56,0.050211170916192156,0.03588071426568394,0,0,0,0,0,0,9.334590305302573,192,2
57,0.46988604089910246,0.25011844892257923,14,0,14,0,0,0,7.4814919995391955,157,4
58,0.317156970439192,0.17163185153373403,0,0,0,1,0,0,7.572850798960345,200,3
59,0.10943573655952767,0.061682290177168315,0,0,0,1,0,0,6.780621408350179,200,3
60,0.07938193712956419,0.059632044055122436,0,0,0,1,0,0,6.86776882898579,200,3
61,0.2250576852946094,0.1407472154113067,8,0,8,0,0,0,8.482592243389542,123,3
62,2.6096275966724964,1.1313713803500631,0,0,0,0,0,0,9.98459003448112,189,3
63,0.07467854026787406,0.05764423393151106,0,0,0,0,0,0,6.470325086764282,182,2
64,0.7314195977477944,0.3098195215534319,5,5,0,0,0,0,7.712025782167814,188,4
65,0.1702747633281535,0.12858908309345707,0,0,0,0,0,0,11.665273428263877,92,2
66,1.1661120632303728,0.48029957104034826,0,0,0,0,0,0,7.369678833330291,138,3
67,0.045157228180446755,0.03616053739429164,0,0,0,0,0,0,6.358809162005509,192,2
68,0.09970842990028697,0.07686007971319937,0,0,0,0,0,0,6.516637507903573,187,2
69,0.4712687116669596,0.3379716160205128,0,0,0,0,0,0,10.705694184664472,111,3
70,3.3353218350816567,0.3731424610670082,6,3,3,2,0,5,11.85336592683536,200,2
71,0.13727130902271167,0.11314356904595656,0,0,0,0,0,0,7.405016792215256,187,4
72,0.924698799580782,0.358377548390256,0,0,0,1,0,0,7.908803656178091,200,4
73,0.14234378308260406,0.09450978227940478,0,0,0,0,0,0,8.08942217943936,129,3
74,0.12018318792872984,0.1105739599965891,0,0,0,1,0,0,7.426924920012515,200,3
75,0.618491081791621,0.2445255767655502,0,0,0,1,0,0,7.272327293592659,200,3
76,0.08671531300013247,0.07123185762646389,0,0,0,0,0,0,7.724804008281921,178,2
77,0.06267043025605487,0.040196105990200494,0,0,0,1,0,0,5.882312006680516,200,2
78,0.03652127615628397,0.029581479639394562,0,0,0,0,0,0,7.48729422818508,194,2
79,0.048434231686696375,0.03357196954621108,0,0,0,0,0,0,6.920438625113523,127,2
80,0.7352655319951554,0.42141849180065866,0,0,0,0,0,0,8.102502305228516,151,5
81,0,0,0,0,0,0,0,0,0,1,0
82,2.1391054594335763,0.5048139959113965,5,0,5,0,0,0,9.068845542542649,146,3
83,0.30904551887583986,0.2217460721787383,4,4,0,0,0,0,8.830391715050473,183,5
84,0.9665002536553005,0.6061075619575953,0,0,0,0,0,0,7.83469068804066,184,4
85,0.07837752990543079,0.05952093335122623,0,0,0,0,0,0,7.536404840617824,173,3
86,0.2258961872283634,0.12944980806004985,0,0,0,0,0,0,7.269942285581944,154,3
87,0.22811266197027416,0.1434674175514367,0,0,0,0,0,0,7.237825229811969,135,2
88,0.05430857212277612,0.0414958417232928,0,0,0,0,0,0,8.79896781770638,164,2
89,0.1749867882830237,0.1053008268432184,0,0,0,0,0,0,8.30057848199308,144,2
90,0.8959603461096818,0.4759081913390524,0,0,0,0,0,0,8.391227465967946,103,2
91,1.1972159566982086,0.45547905203394345,0,0,0,1,0,0,8.913401935816495,200,3
92,0.05345850999336188,0.04678859690632374,0,0,0,0,0,0,8.103179194444289,153,2
93,0.2233750022302175,0.17458137972046353,0,0,0,0,0,0,9.148272508866835,138,4
94,0.8050275261526875,0.3736533136407046,0,0,0,0,0,0,8.497484858084047,155,3
95,0.2314794078298594,0.12930598419664222,0,0,0,0,0,0,7.45626763793164,110,2
96,0.20354250979979208,0.11681450903881443,0,0,0,0,0,0,8.073222019760165,119,2
97,0.04109595099536463,0.03434710732786664,0,0,0,0,0,0,5.958682674120414,180,2
98,0.05996678358755139,0.05140363354196124,0,0,0,0,0,0,9.173671125355296,126,2
99,0.22179259984613015,0.11914729429760178,0,0,0,0,0,0,7.532716099571651,169,3
100,0.08271537632224651,0.06860344440893293,0,0,0,0,0,0,8.606544369087402,145,2
101,0.05678060907395541,0.04818733053666022,0,0,0,1,0,0,6.9734176984864265,200,2
102,0.07583122497284245,0.04114868937180046,0,0,0,1,0,1,7.0976631814887945,200,2
103,0.08920774326281417,0.06710420072437465,0,0,0,0,0,0,8.851895417115719,148,2
104,0.07996817888018605,0.0695115037843797,0,0,0,0,0,0,8.891501940782447,149,2
105,0.08407229299259075,0.0643751947691679,0,0,0,1,0,0,9.248284210620826,200,3
106,0.014341018654652779,0.009613026535040127,0,0,0,1,0,0,5.97576594700575,200,2
107,0.47236678171508645,0.13634714270365636,17,0,17,0,0,0,6.427232124179272,141,2
108,0.22576486690305306,0.17986915523111224,0,0,0,0,0,0,8.39729285025481,86,3
109,0.4568782456719446,0.22475131243298346,0,0,0,0,0,0,10.788757491606532,85,2
110,0.12281437253890665,0.07814674885580769,0,0,0,0,0,0,7.878485487736742,194,2
111,0.06502667906389753,0.05696995242956867,0,0,0,1,0,0,6.96615438815437,200,2
112,0.1269525970717415,0.07065952126897294,0,0,0,0,0,0,9.355757978632317,100,2
113,0.06743911268246443,0.056641797496562334,0,0,0,1,0,0,7.356756168620755,200,2
114,0.17321822414225396,0.14838523192464165,0,0,0,1,0,0,6.386776557124646,200,3
115,0.40890796977235777,0.19555393028251822,0,0,0,0,0,0,7.0839019871759135,140,2
116,0.10419251501637275,0.07731281423994014,0,0,0,0,0,0,6.699702972696447,109,2
117,1.8337258758474677,0.7062436361143598,0,0,0,0,0,0,8.490548375551214,112,4
118,0.6195217505939137,0.253520878873914,0,0,0,1,0,0,6.832230033016454,200,2
119,0.34522683341511484,0.1633935830824788,0,0,0,0,0,0,7.122730194030007,155,3
120,0.18866396035179034,0.1657474205256496,0,0,0,1,0,0,8.087792727874861,200,4
121,0.31700813942897815,0.1722512835609348,0,0,0,0,0,0,7.470671948050562,164,3
122,0.12903941285567125,0.10505111966551822,0,0,0,1,0,0,7.259412133496066,200,3
123,0.044404628406726425,0.03498121426404264,0,0,0,0,0,0,6.0176822934624825,174,2
124,0.06071917048528071,0.03764837361552314,0,0,0,0,0,0,6.604027174619473,162,2
125,0.11496950291657712,0.09497826152260544,0,0,0,1,0,1,9.615469839340763,200,4
126,0.16029985598827712,0.13353444146681037,0,0,0,0,0,0,9.21654133349375,138,3
127,0.316858739342371,0.19198904381763163,14,0,14,0,0,0,7.453541665115762,135,3
128,0.3565109450417717,0.18585543463134224,0,0,0,2,0,0,7.389920494428144,200,5
129,0.13986277589951013,0.10670317620907485,0,0,0,0,0,0,7.000662416438921,151,2
130,0.04229354887692308,0.02434763364972574,0,0,0,1,0,1,9.186909124469151,200,2
131,0.20547190577968164,0.12615364385248098,0,0,0,0,0,0,7.142359526793933,177,3
132,0.03356298634945007,0.02500145777124096,0,0,0,1,0,0,6.858636276099021,200,2
133,0.04231539002643236,0.037317286495979436,0,0,0,1,0,0,6.014458261602044,200,2
134,0.2771938092056594,0.1961093081150076,0,0,0,0,0,0,7.720102274659446,120,3
135,0.5536437640712407,0.15750342532679812,0,0,0,0,0,0,9.130411071935963,199,3
136,4.585369142628392,1.981210854018311,0,0,0,0,0,1,7.698306796162156,192,4
137,0.03550088693012633,0.030526009912500103,0,0,0,1,0,0,5.648786665447421,200,2
138,0.2970813327094871,0.14263676588774557,0,0,0,0,0,0,7.895653151888748,179,2
139,1.5607263973295074,0.4413128421974677,0,0,0,0,0,0,10.768840600683777,140,3
140,0.17568283588088063,0.11388056628105055,0,0,0,1,0,0,6.866240075459556,200,3
141,0.15916354218281953,0.12205350823307003,0,0,0,1,0,0,7.394407777476378,200,3
142,0.05098620396364836,0.03569040875651123,0,0,0,1,0,0,7.802153243117548,200,2
143,0.05513165205056043,0.04405434035334377,0,0,0,0,0,0,8.628599132368164,182,2
144,0.6248763381534467,0.2604404984510996,0,0,0,1,0,0,6.7429917314451595,200,3
145,0.050058856941922324,0.03373505247372204,0,0,0,0,0,0,6.251451317469741,145,2
146,0.20821307007744788,0.125257919939367,0,0,0,0,0,0,7.62360331326127,184,3
147,0,0,0,0,0,0,0,0,9.405765386952549,103,1
148,0.04359149063602481,0.04161999137065637,0,0,0,1,0,0,6.631701783129332,200,2
149,0.295747076517831,0.15889332719375193,0,0,0,0,0,0,6.662970491272587,190,3
150,1.8973884024854508,0.5569747731970108,0,0,0,0,0,0,11.414219039674615,162,2
151,1.3153122175516183,0.2631890190484767,7,7,0,1,0,0,7.645886816858974,200,2
152,0.9671255359952399,0.39455992610636487,0,0,0,0,0,0,8.030701167265988,108,3
153,0.44761372689002804,0.20351204482863233,2,2,0,1,0,0,7.394174057002747,200,2
154,0.047997374103691454,0.04206113476775103,0,0,0,0,0,0,8.574267581398015,123,2
155,0.32409560054447073,0.15805939168903457,0,0,0,0,0,0,9.794174601352946,168,2
156,0.09485488108708816,0.07896314025093434,0,0,0,0,0,0,7.890011856110589,118,2
157,1.0465699323532798,0.5016936824080958,0,0,0,1,0,0,7.104010532835372,200,5
158,0.07636255173358858,0.06313760906502858,0,0,0,0,0,0,6.532530706582087,150,2
159,1.0477891058116395,0.48447201000722273,0,0,0,0,0,0,7.802315549235024,177,4
160,0.1746845902342769,0.14144419894379406,0,0,0,1,0,0,6.214376979423869,200,3
161,2.3521020124628915,0.45415446882124083,0,0,0,2,0,5,10.234172938101809,200,2
162,0.07789844793457104,0.07260176688799422,0,0,0,0,0,0,8.667834331392841,110,2
163,2.470518301664346,0.6506712531272443,1,0,1,0,0,0,9.847502306415493,164,3
164,3.838826253712382,0.5593653668857064,0,0,0,2,0,5,9.986800956961872,200,2
165,0.12812079162645287,0.09661662284327971,0,0,0,1,0,0,7.405469335800187,200,3
166,0.0686958469709542,0.04916045030507136,0,0,0,0,0,0,9.311024881343462,161,2
167,0.049292473567523226,0.04315156549651834,0,0,0,0,0,0,8.314115334482617,169,2
168,0.12021658489190556,0.09492427272610027,0,0,0,1,0,0,8.29407327568639,200,3
169,1.3902406536674063,0.5228900278440575,20,2,18,0,0,0,7.763412725445925,133,3
170,0.07569109702074228,0.045308465153016356,0,0,0,0,0,0,6.7964401416915035,118,2
171,0.5386472517338541,0.20732767215232237,0,0,0,1,0,0,6.791071204650507,200,3
172,0.16157090994685044,0.06917829448340347,0,0,0,0,0,0,6.850553437960962,136,2
173,0.06787432379095756,0.058902702391955296,0,0,0,0,0,0,6.101823457632908,145,2
174,0.17226338685584214,0.10359899472925813,0,0,0,0,0,0,7.018863731822348,136,2
175,0.06280012334547266,0.03636544794435216,0,0,0,0,0,0,8.257605320672123,167,2
176,0.08629069565248712,0.06023600786941977,0,0,0,1,0,0,6.575300623318182,200,2
177,0.05132816295377047,0.038996385961177396,0,0,0,0,0,0,9.616491583192508,127,2
178,0.06554816081194594,0.054097353815891196,0,0,0,0,0,0,8.1014781421901,189,2
179,0.07041347307449215,0.05122404419612433,0,0,0,0,0,0,8.66481044863463,128,2
180,0.1750749215326821,0.1183855631294305,0,0,0,0,0,0,7.1201386706618175,144,3
181,0.042753378390636906,0.022388478188122406,0,0,0,1,0,0,8.379986114845236,200,2
182,0,0,0,0,0,0,0,0,7.499241034043592,116,1
183,0.02172375559275696,0.014952034321089559,0,0,0,1,0,0,7.413039556680171,200,2
184,0.04711065200430462,0.0421856720588625,0,0,0,0,0,0,7.077297343664416,175,2
185,0.26344267731551235,0.08003231972942246,0,0,0,1,0,0,8.666450709493622,200,2
186,0.07089826119511701,0.05377848717585019,0,0,0,0,0,0,8.539907214505176,149,2
187,0.08496016139207592,0.06522933521090814,0,0,0,0,0,0,9.394213088043687,141,2
188,0.07381161530725962,0.05346441285293538,0,0,0,1,0,0,6.795106633662065,200,3
189,0.22190735303891557,0.1682007588529705,0,0,0,1,0,0,8.427087831318492,200,4
190,2.285490730551452,0.7347010709201394,5,0,5,0,0,0,11.263223402778497,82,3
191,0.058913242693258906,0.046530961741279284,0,0,0,1,0,0,7.503395002857962,200,2
192,0.0695964573438054,0.03823799570331218,0,0,0,0,0,0,5.778756392310086,159,2
193,0.09225498442876515,0.05323279386938065,0,0,0,0,0,0,9.985311922592714,194,2
194,0.04006250394294665,0.032048437419557214,0,0,0,0,0,0,6.479190897897831,128,2
195,0.07874758398164308,0.06178059148911725,0,0,0,0,0,0,8.415161057509016,155,2
196,1.5029759263453688,0.3714651949041917,13,3,10,0,0,1,7.339562989548577,171,3
197,0,0,0,0,0,1,0,0,7.898319514259359,200,1
198,0.05588809478615256,0.04878359096572008,0,0,0,0,0,0,9.279199424170159,150,2
199,0.2893584201785231,0.18771283352427823,0,0,0,0,0,0,8.469000809369879,120,3
200,0.09177993392700246,0.074095406177442,0,0,0,2,0,0,6.887218366981149,200,3
201,1.2819449536512904,0.5347083521957521,0,0,0,1,0,0,8.390738063530527,200,3
202,0.0800003349804706,0.06186528227115944,0,0,0,0,0,0,7.94580286638421,191,2
203,0.5438773311551686,0.4467940382639501,0,0,0,0,0,0,6.769595738663886,119,3
204,0.20781526690818236,0.16806516826382564,0,0,0,0,0,0,7.8966503642270025,129,3
205,3.4935471756758183,0.9958806247953909,2,2,0,1,0,0,9.06803921254138,200,3
206,3.746960785523157,0.9689016482833297,11,0,11,0,0,0,8.589771219282056,172,4
207,0.9812211335313771,0.2997320115379436,0,0,0,1,0,0,8.075171608391136,200,3
208,0.3681332214723858,0.24051892760561885,0,0,0,0,0,0,9.029440688329728,107,3
209,0.6838774937697261,0.28961144510643183,19,6,13,1,0,0,8.05122770452963,200,4
210,0.054639125191499396,0.050059475179212165,0,0,0,0,0,0,8.286592913668468,184,2
211,0.5318481324349176,0.2224088362771656,0,0,0,0,0,0,6.699881867659881,186,3
212,3.5232209994932053,0.8962848378286893,4,2,2,1,0,5,9.654363074034306,179,5
213,0.23715281177752923,0.1366435274758762,12,0,12,2,0,0,6.599716214431887,200,4
214,0.06380936107250489,0.04539286752987368,0,0,0,1,0,0,6.908615522209986,200,2
215,5.41195196769891,2.52500015474531,0,0,0,3,0,10,8.507206192214591,200,5
216,0.2487312255681621,0.17565732894821787,6,0,6,0,0,0,8.963489894532199,137,3
217,0.14960411587919079,0.0700503287373857,0,0,0,0,0,3,9.391235147399332,106,2
218,0.05274298262490576,0.0491397174004336,0,0,0,0,0,0,7.342283045661437,150,2
219,0.05314825635694327,0.03687278614405435,0,0,0,0,0,0,8.528159914752443,178,2
220,0.8261254414203646,0.3322000709158467,0,0,0,0,0,0,8.643354487144107,109,2
221,2.2000486698046195,1.0316789284154944,0,0,0,0,0,0,13.52157188920499,59,2
222,3.343640387485458,1.1542298542135572,0,0,0,1,0,0,8.36040415074912,200,4
223,0.18593538010226993,0.1435397793581694,0,0,0,0,0,0,7.933007353135303,153,3
224,0.10877855316214459,0.09699994718961151,0,0,0,0,0,1,12.085378105562151,105,2
225,0.0698239569705085,0.03597602739728738,0,0,0,1,0,0,5.809501349317341,200,2
226,0.03279338664434764,0.02686074064605426,0,0,0,1,0,0,5.971154899491301,200,2
227,0.04868082451545375,0.03658524338510677,0,0,0,1,0,0,6.851249788268539,200,2
228,0.6779318354922182,0.3082993108876067,0,0,0,1,0,0,10.545274691265563,200,3
229,0.45430701473547136,0.29782597680212386,0,0,0,1,0,0,7.462595586230576,200,5
230,0.043298413024672126,0.035773885780451896,0,0,0,1,0,0,7.7949407466084635,200,2
231,0.6102070250949029,0.2689072005623039,0,0,0,3,0,0,7.000619633459653,200,3
232,0.04058802480116422,0.028061860019613444,0,0,0,0,0,0,7.605428184522918,182,2
233,0.06318721953280122,0.047932002370206964,0,0,0,0,0,0,9.314033230277193,144,2
234,0.038126246745674566,0.03586755518037712,0,0,0,1,0,0,6.700178832594762,200,2
235,2.9370014052963636,0.6478494772932971,6,0,6,1,0,0,7.472503993392375,200,3
236,0.11742472209686408,0.07976042637845196,0,0,0,0,0,0,8.568158708021208,139,2
237,0.03711564052916309,0.023092140744054787,0,0,0,1,0,0,7.7484099926877406,200,2
238,0.063059704776058,0.049431346028002324,0,0,0,0,0,0,8.500850587603582,191,2
239,0.04087876006913083,0.031859095022394146,0,0,0,0,0,0,6.853824499841919,188,2
240,0.14862526993871453,0.10574967146002767,0,0,0,0,0,0,7.357625977199694,172,2
241,0.11002032233382915,0.09179696698187867,0,0,0,0,0,0,9.529638687444873,147,3
242,0,0,0,0,0,0,0,0,8.904109563107053,119,1
243,0.024021968343947625,0.020801830154393398,0,0,0,1,0,0,6.923305996008126,200,2
244,2.0853267895353795,0.906972486061328,41,30,11,0,0,0,7.5090007412469655,92,4
245,0.023172859563066812,0.01763735230721033,0,0,0,1,0,0,5.790151221590987,200,2
246,0.2918998077676008,0.2205589971526934,0,0,0,0,0,0,10.162901710316328,81,2
247,0.04708990119338972,0.03113322449410222,0,0,0,0,0,0,7.010171463506245,112,2
248,0.8562597409149738,0.19488313021000553,0,0,0,0,0,0,9.295133888275318,146,2
249,0.25107659679692595,0.20942279749392603,0,0,0,0,0,0,7.020818342591547,178,3
250,0.10207549056100726,0.07139509568914415,0,0,0,1,0,0,7.333557375738505,200,2
251,2.8847410777352818,0.5796649148413793,14,14,0,0,0,3,7.126929813292861,150,3
252,0.5974065484655476,0.2716784555735545,5,5,0,0,0,0,6.663196521829912,160,3
253,3.121571924900002,1.2276665670218776,0,0,0,0,0,0,8.053358486315643,155,3
254,0.366890262051231,0.13749961827330645,13,0,13,2,0,0,8.920924359392062,200,2
255,1.47534267638321,0.49264777800150333,2,2,0,0,0,2,7.064631106888047,142,2
256,0.8531376874339502,0.4948855761729033,0,0,0,0,0,0,8.232631629271298,154,3
257,0.13240377528726643,0.09524870775700017,0,0,0,1,0,0,7.996085108679653,200,3
258,0.2938653150454098,0.16109279268952623,0,0,0,0,0,0,8.341017484012802,131,2
259,0.050395184426849975,0.03954122890192863,0,0,0,0,0,0,7.18802649053315,197,2
260,0.3587037059499824,0.258823184040821,0,0,0,1,0,0,7.981309025590662,200,5
261,0.15084082769163287,0.1188083541077054,0,0,0,0,0,0,8.30551445742275,141,3
262,0.18860107232032103,0.12012844986360263,0,0,0,0,0,0,7.688537531450128,104,2
263,0.05519132228949291,0.049417697247099976,0,0,0,0,0,0,7.873638149718552,161,2
264,0.1395111104481342,0.07943411056419374,0,0,0,2,0,0,8.178493679430694,200,3
265,0.05284041997497063,0.04499893127254555,0,0,0,0,0,0,8.13818221747387,179,2
266,0.15200234432135695,0.12317155876971687,0,0,0,1,0,0,8.164798853687017,200,2
267,0.12287075523093632,0.05974414838449642,0,0,0,0,0,0,6.923667802029626,132,2
268,1.9282352418212236,0.5620101760034113,4,0,4,2,0,10,10.124315456735022,42,2
269,0.42743828309704707,0.27619190194571963,0,0,0,1,0,0,8.0125289866509,200,4
270,0.085273470718678,0.07263912766994073,0,0,0,1,0,0,8.945525575889736,200,3
271,0.07068927820698588,0.04110657346778871,0,0,0,0,0,2,9.595703385188363,180,2
272,0.26373057179680015,0.20246059490247453,0,0,0,1,0,0,7.349790977896226,200,5
273,0.14716034560505856,0.09740385310092921,0,0,0,0,0,0,7.80099725085475,109,2
274,0.5279530266946219,0.2077125298258799,6,4,2,1,0,5,11.907980757459493,131,2
275,0.07014440890888174,0.05650320976550905,0,0,0,1,0,0,8.175513479042756,200,2
276,1.136927348381448,0.5349771190459008,0,0,0,0,0,0,12.065935893446595,145,3
277,0.07520367075751475,0.06917258095604402,0,0,0,0,0,0,10.574447571954678,148,2
278,1.2825592225471167,0.5904067861135502,0,0,0,1,0,0,7.383980450907539,200,5
279,0.40715121619218725,0.21756201275768558,0,0,0,0,0,0,7.698197061376826,153,3
280,0.03719412367494879,0.03286041048101983,0,0,0,1,0,0,5.967088552860553,200,2
281,0.07363584355909766,0.049858285700425484,0,0,0,0,0,0,8.44254160580937,117,2
282,0.055198511861536424,0.04700132644543412,0,0,0,0,0,0,8.69645187063982,189,2
283,0.05204721949957912,0.04123682782476233,0,0,0,0,0,0,8.383267551129272,173,2
284,0.22133499391522593,0.12067204686360147,0,0,0,1,0,0,7.204561781820282,200,2
285,0.10130955662372602,0.06472388118222525,0,0,0,0,0,0,8.350846374936651,96,2
286,0.31255002610966603,0.13293828999940357,0,0,0,0,0,0,7.880784177634468,152,2
287,0.04368250399317685,0.03235874569901708,0,0,0,1,0,0,6.627693943055739,200,2
288,0.1663820153405279,0.08913854500595261,0,0,0,0,0,0,8.157785491470493,180,2
289,1.0214843067814217,0.6083791128719696,0,0,0,0,0,0,8.850052575508723,191,5
290,0.1033842916090146,0.06783318067331709,0,0,0,0,0,0,7.167291125111057,199,2
291,0.05106304680492414,0.033439882711095666,0,0,0,0,0,0,6.289872970119618,192,2
292,0.9331928140331988,0.37430103277189336,0,0,0,1,0,0,8.090990083200465,200,3
293,0.3410385916427073,0.14077136762704262,23,3,20,0,0,3,7.917330830775089,148,2
294,0.9007816150386478,0.6067521747710073,0,0,0,1,0,0,7.137003795138482,200,3
295,0.06567279479316393,0.050040738964611,0,0,0,0,0,0,8.004754801645989,165,2
296,0.2874431148486638,0.20702464340933674,0,0,0,0,0,0,7.033778819889478,149,3
297,0.042587697634771764,0.03681412987819918,0,0,0,1,0,0,7.58495319663699,200,2
298,0.3246679527553663,0.16935684961294944,0,0,0,0,0,0,6.59289178713876,114,2
299,0.5023969532437567,0.28319272876913487,0,0,0,0,0,0,8.234569724515305,124,3
300,0.07659526847085837,0.06524826681673036,0,0,0,0,0,0,9.025053897509347,163,2
301,0.09030427482884486,0.07563177023828564,0,0,0,0,0,0,7.979342891896024,137,2
302,0.11424283581618809,0.06841611727374157,0,0,0,1,0,0,8.843107587359464,200,3
303,0.056574204696544866,0.04046256941876104,0,0,0,1,0,0,10.305970611814894,200,2
304,0.19006712931080194,0.10716466578020824,0,0,0,1,0,0,7.91037801462281,200,2
305,0.03522042856921042,0.021775848331915697,0,0,0,1,0,0,7.673314712085572,200,2
306,0.5053488789507072,0.19508885515018268,25,2,23,0,0,1,7.569722751406566,120,3
307,0.37302274639559857,0.2247212447001161,0,0,0,0,0,0,8.631899885757973,181,2
308,0.18590136034975702,0.12363782961939426,0,0,0,1,0,0,6.716793611994367,200,4
309,0.05023267799544109,0.041392778649822076,0,0,0,0,0,0,7.557083527151033,192,2
310,0.20628644866692508,0.13422129862696183,0,0,0,0,0,0,9.032068031377198,163,2
311,0.1625587707134061,0.10767051040020116,0,0,0,0,0,1,9.143133065694439,164,3
312,0.29086095813442536,0.13508719468644736,0,0,0,0,0,0,9.622186012172765,184,3
313,0.06465326931980311,0.047984080602091694,0,0,0,0,0,0,8.40570203679189,149,2
314,0.04252242758063279,0.032663232919509205,0,0,0,1,0,0,5.7490027593332265,200,2
315,0.03916766354736585,0.025786249964289198,0,0,0,1,0,0,8.158207006037122,200,2
316,0.8724518818046134,0.3137676091106842,0,0,0,2,0,0,8.325410792398399,200,3
317,0.16844892320699026,0.13969288003244776,0,0,0,1,0,0,7.5224346963302935,200,3
318,0.2677413844802416,0.16497080123377703,0,0,0,3,0,0,6.045831001461431,200,3
319,0.4250454588906135,0.27767679214327556,0,0,0,0,0,2,7.212147257427707,155,3
320,0.2728072821352457,0.19320961587141522,0,0,0,0,0,0,8.201637688800487,198,3
321,0.926621013960268,0.39666014486266277,0,0,0,0,0,0,8.129642489115874,196,3
322,3.4410962927759896,0.8886364302834061,0,0,0,1,0,0,8.599654541366474,200,3
323,0.3010693354264936,0.14702214360649707,10,0,10,2,0,0,6.718008936701023,200,3
324,0.21439690186435698,0.13406746804482642,0,0,0,0,0,0,9.262590552145223,142,3
325,0.05643578078947818,0.0362720901667527,0,0,0,1,0,0,6.557085189679526,200,2
326,0.03725481339595422,0.023751269123183483,0,0,0,1,0,0,7.7660604818894186,200,2
327,0,0,0,0,0,0,0,0,6.707441870817431,144,1
328,0.08206864039089648,0.04951362364207085,0,0,0,0,0,0,7.088181068503726,194,2
329,0.09798262611498113,0.07544212902023886,0,0,0,0,0,0,8.367978866142103,151,2
330,0,0,0,0,0,0,0,0,6.115494307898813,128,1
331,0.13668747379413898,0.08114436513478651,0,0,0,1,0,0,8.408955755132622,200,3
332,1.1252398518519382,0.39607177787607956,0,0,0,0,0,1,7.477696807698728,153,2
333,0.02524045863869086,0.02103305144000534,0,0,0,1,0,0,7.515978687482695,200,2
334,0.11440230951665803,0.09842476154728944,0,0,0,1,0,1,7.420268897562059,200,2
335,0.5432332851905541,0.3747456142372602,1,1,0,0,0,0,8.926083577649274,129,4
336,0.41149230342532866,0.24503516560793034,0,0,0,1,0,0,7.049779574916303,200,3
337,0.6411086208578628,0.32238574717539564,0,0,0,0,0,0,8.464083444009445,83,2
338,0.21995946116066328,0.10370295209506077,0,0,0,1,0,0,6.900986876373745,200,3
339,0.2227410288758015,0.16707784564208192,0,0,0,0,0,0,7.122311467529642,154,3
340,0.08525868184544952,0.037254362591418434,0,0,0,0,0,0,7.078387226840093,128,2
341,0.1446013429884374,0.07754653091203087,0,0,0,1,0,0,6.977505932690445,200,3
342,0.05206506109891954,0.03268779344392134,0,0,0,1,0,0,8.648286574553397,200,2
343,0.06488903757599467,0.054642045841053304,0,0,0,0,0,0,10.04723320413621,146,2
344,0.054555738231162276,0.04690455916528805,0,0,0,0,0,0,8.432657753006911,173,2
345,0.7434625754658252,0.29348949994176254,0,0,0,1,0,0,7.414516588310573,200,2
346,0.41625494504437516,0.24798704362829196,0,0,0,1,0,0,7.676676109719227,200,4
347,1.4546512532714664,0.5997190465451233,0,0,0,0,0,0,8.055380887471575,129,2
348,0.42127276279304304,0.25808294187198005,0,0,0,1,0,5,10.487561390309002,93,2
349,0.29403450483762184,0.17491306197969492,16,0,16,0,0,0,7.984825122930802,116,2
350,0.21877112065321783,0.16538194536763287,0,0,0,0,0,0,7.103692897717318,137,3
351,0.12411771113646981,0.0579111639209981,0,0,0,0,0,0,7.20612356597052,119,2
352,0.04072570398056343,0.03450106385888593,0,0,0,0,0,0,8.627250055077988,140,2
353,0.2979034798240599,0.15354524031301262,0,0,0,0,0,0,6.525064112771173,107,2
354,0.06138049313993308,0.05630532343574469,0,0,0,0,0,0,8.170216391794156,189,2
355,0.12416744104181396,0.08443876235882289,0,0,0,2,0,0,6.504530193400111,200,3
356,0.0335287194038812,0.025205743632178375,0,0,0,0,0,0,6.994870188727257,194,2
357,0.2532793817597366,0.1316118163886917,0,0,0,2,0,0,6.610901393124592,200,3
358,0.13615487964849018,0.09507256463898804,0,0,0,0,0,0,7.17633169529218,117,2
359,0.033351224410851844,0.019329861006371907,0,0,0,1,0,0,6.271050820887616,200,2
360,0.5457202055862673,0.3245441805956126,0,0,0,0,0,0,7.141480863539312,130,3
361,0.5215525882861582,0.2988096123629387,0,0,0,1,0,0,6.899624449671495,200,4
362,0.3311538643343512,0.27607858194555046,0,0,0,1,0,0,6.849396147279711,200,4
363,0.1339376386050562,0.08417549364971337,0,0,0,1,0,5,7.9719823972612245,79,2
364,0.09869918973304936,0.0823827576389222,0,0,0,1,0,0,8.14124175314388,200,3
365,0.2496382472159499,0.17673532381661633,0,0,0,1,0,0,8.093128147609077,200,3
366,0.7170952087000095,0.3350438874606092,1,1,0,0,0,0,7.613680149686397,174,3
367,0.44231222754374133,0.23620382869270204,0,0,0,0,0,0,7.7021728504218085,140,2
368,0.06647348386022067,0.05227840281177848,0,0,0,0,0,0,7.188099933035036,182,2
369,0.05537164244093899,0.04540308914806224,0,0,0,0,0,0,7.97050461105811,106,2
370,0.06157383499026195,0.05717731874546206,0,0,0,0,0,0,7.6682221444671415,172,2
371,0.04946816608614678,0.03767748004788069,0,0,0,0,0,0,6.306819547337198,144,2
372,0.04799139148372175,0.045691065757239906,0,0,0,1,0,0,6.365106206849838,200,2
373,0.9922060773742609,0.4119588064676605,0,0,0,0,0,0,7.336693247107726,113,3
374,0.9491552718380805,0.406475732491994,0,0,0,0,0,0,8.21985394260605,141,2
375,0.0871485007043786,0.06789209891550772,0,0,0,1,0,0,6.841660440379496,200,2
376,0.6667955103412319,0.30680099135322014,0,0,0,1,0,0,7.267288820928568,200,3
377,0.15231508685306197,0.11311768859763396,0,0,0,0,0,0,7.337978080555429,106,2
378,0.11830337130722435,0.09469662070195277,0,0,0,1,0,0,8.077745825322074,200,3
